{"flutter":{"platforms":{"android":{"default":{"projectId":"paccabelo","appId":"1:533892661765:android:fbf613d92cc2e82847526c","fileOutput":"android/app/google-services.json"}},"dart":{"lib/firebase_options.dart":{"projectId":"paccabelo","configurations":{"android":"1:533892661765:android:fbf613d92cc2e82847526c","ios":"1:533892661765:ios:8a9cf2424a4ba46047526c","macos":"1:533892661765:ios:8a9cf2424a4ba46047526c","web":"1:533892661765:web:d7104336c20ed88247526c","windows":"1:533892661765:web:26e82ef9d445aca747526c"}}}}}}